{
  "name": "rollkeeper",
  "title": "RollKeeper",
  "description": "Keep track of your rolls!  Who is really the unlucky one?",
  "version": "0.1.0",
  "author": "EttienneS",
  "authors": [
    {
      "name": "EttienneS",
      "email": "ettiennescharneck@gmail.com",
      "url": "https://github.com/EttienneS"
    }
  ],
  "esmodules": ["rollkeeper.js"],
  "styles": ["rollkeeper.css"],
  "minimumCoreVersion": "0.6.4",
  "compatibleCoreVersion": "0.7.0",
  "url": "https://github.com/EttienneS/RollKeeper",
  "manifest": "https://raw.githubusercontent.com/EttienneS/RollKeeper/v0.1.0/src/module.json",
  "download": "https://github.com/EttienneS/RollKeeper/releases/download/v0.1.0/RollKeeper_v0.1.0.zip",
  "readme": "https://raw.githubusercontent.com/EttienneS/RollKeeper/main/README.md",
  "changelog": "https://raw.githubusercontent.com/EttienneS/RollKeeper/main/CHANGELOG.md"
}